Race No.,Time (s)
20,12694
2431,12963
10389,12995
2941,13071
13527,13073
4226,13183
2637,13313
3385,13314
2416,13318
11199,13396
9475,13450
9037,13595
5700,13623
4175,13702
10191,13808
41254,13814
11539,13819
10115,13854
7674,13881
3276,13908
8882,13968
8397,14015
2138,14019
6133,14050
1199,14054
3521,14056
10409,14077
7702,14081
17738,14094
8597,14103
16106,14103
9019,14141
3863,14202
9145,14225
4782,14237
3929,14246
6941,14279
19681,14286
2205,14287
5083,14300
3347,14357
6652,14416
27627,14421
18556,14432
4195,14447
19289,14465
4098,14466
1500,14482
4641,14482
11411,14488
4254,14532
7909,14533
9581,14534
12134,14551
7935,14566
3105,14568
7680,14598
9817,14604
21797,14618
4099,14650
27677,14653
3190,14656
3993,14702
2936,14711
17089,14753
22674,14758
35236,14762
6659,14772
28984,14783
9412,14787
7515,14787
9233,14792
7130,14813
1696,14843
18217,14868
11936,14869
3419,14885
29211,14889
6929,14890
13603,14950
3878,14975
6789,14976
13631,14985
5165,14999
8586,15011
17958,15032
18516,15035
8027,15036
2086,15041
15253,15042
35901,15046
35900,15047
35899,15049
1450,15054
4,15064
17673,15081
3286,15088
29612,15088
3365,15091
8619,15110
8328,15111
5601,15121
5950,15123
35012,15125
9639,15145
13362,15159
2484,15168
5924,15181
16499,15192
35875,15198
3177,15200
18009,15231
18010,15232
7772,15232
11379,15248
17622,15248
1918,15257
8883,15280
26291,15287
1612,15291
2570,15306
5263,15310
13642,15311
8060,15312
8861,15315
18212,15317
6831,15324
1264,15333
2147,15342
3775,15349
2708,15359
1763,15362
6511,15363
31171,15367
7694,15368
35219,15369
4528,15372
10130,15374
4993,15381
3075,15382
3822,15388
6489,15388
1734,15408
25564,15413
5682,15414
6939,15414
16561,15442
29096,15453
7554,15471
3161,15472
10439,15473
5017,15473
5928,15473
3147,15501
5372,15504
6181,15505
18322,15514
8537,15522
28840,15552
16774,15553
1426,15555
1337,15569
8275,15575
3760,15597
22146,15610
2269,15621
8488,15632
7509,15644
22960,15658
4121,15664
18211,15671
8071,15672
6407,15673
6229,15683
40811,15685
17674,15717
18643,15718
40681,15718
42289,15722
10479,15730
7272,15730
24138,15740
5911,15781
2640,15786
4709,15786
5255,15789
1,15794
31112,15794
4697,15803
12420,15808
16711,15809
2690,15814
8807,15817
2373,15830
13534,15838
4395,15839
11831,15850
2661,15860
23812,15865
26429,15869
2946,15871
7963,15887
2134,15888
36039,15890
36038,15890
7303,15898
1571,15899
16011,15904
12368,15911
4496,15912
17716,15942
8651,15962
2090,15962
7040,15962
35333,15963
2816,15967
3920,15968
5583,15978
9034,15979
19290,15980
7183,15981
35235,15992
10576,15998
26899,16002
18218,16013
1477,16029
4436,16030
11473,16035
7006,16036
11949,16038
4286,16044
30502,16045
3248,16059
1949,16062
27695,16068
18066,16069
18067,16069
18069,16069
3477,16072
5527,16072
27596,16077
18006,16096
6641,16096
18005,16097
11264,16099
6572,16102
1940,16108
18483,16109
41115,16118
12880,16121
27285,16125
6985,16134
34647,16141
40919,16142
1460,16165
7748,16167
5779,16174
7499,16177
2770,16185
9648,16195
4811,16205
1265,16213
5356,16215
18269,16223
8374,16224
9480,16226
7932,16227
6255,16230
31059,16231
31058,16232
1562,16249
11148,16249
12665,16249
4921,16253
6184,16258
6619,16258
5268,16260
5399,16264
11262,16278
5058,16288
34740,16289
6542,16293
3575,16294
10716,16296
11877,16297
8921,16302
11461,16302
4645,16307
16738,16316
6937,16319
23357,16320
34951,16326
3895,16331
4589,16339
1276,16341
8562,16347
5465,16347
2583,16354
18992,16357
22854,16383
7658,16387
16485,16389
35288,16389
31096,16405
2465,16406
2469,16407
2204,16409
22217,16413
23436,16417
5449,16419
13317,16422
24479,16460
6197,16472
6241,16474
27328,16475
7442,16475
23891,16482
10559,16485
9179,16487
5116,16487
9386,16492
35876,16494
21814,16497
7199,16503
18163,16509
19253,16509
27271,16514
2357,16517
11834,16524
18779,16525
23624,16526
2968,16531
4840,16543
1010,16546
6402,16548
19306,16549
19307,16550
1837,16550
26019,16553
2478,16554
35666,16555
17243,16557
26639,16571
21958,16587
27839,16592
2653,16594
2273,16597
42299,16601
1637,16603
11508,16613
9632,16615
6885,16616
13145,16623
10242,16625
3700,16625
11283,16626
18073,16629
18072,16630
18071,16630
1772,16631
18070,16631
2387,16651
13552,16651
18220,16653
13501,16657
29589,16657
18221,16671
35079,16687
10490,16687
21790,16688
35788,16691
2381,16692
4074,16694
13666,16696
7037,16700
1410,16701
12521,16701
1431,16709
3208,16711
6758,16713
10195,16714
12635,16719
11384,16732
4565,16739
6411,16742
9236,16749
2158,16751
4742,16752
7440,16758
16945,16759
1047,16763
2984,16764
3001,16765
20772,16769
1180,16772
7176,16776
5332,16779
2360,16784
26599,16790
19171,16792
16672,16802
5405,16802
6743,16803
1695,16804
24774,16807
42119,16810
17653,16826
8582,16827
1663,16831
17900,16836
5739,16836
9289,16846
10861,16850
15062,16858
8805,16867
9539,16868
7267,16874
16516,16876
5809,16877
40861,16877
12236,16880
18971,16884
12365,16889
7253,16890
28877,16892
16554,16895
3120,16897
24901,16900
19409,16902
20463,16908
11270,16914
18346,16915
18348,16915
11850,16915
3784,16916
42139,16917
5670,16929
3818,16932
9268,16938
35605,16939
12315,16942
19284,16947
8312,16948
16024,16948
7302,16950
11455,16959
11133,16960
27976,16972
18216,16979
5158,16983
18860,16985
9734,16987
29714,16991
5274,16999
2710,17001
28078,17004
12647,17005
20981,17018
9476,17025
8128,17025
18974,17032
5443,17036
26258,17043
2945,17048
2569,17058
19120,17071
5884,17077
2346,17078
9815,17091
18364,17097
13525,17104
2974,17118
2992,17120
29677,17127
7189,17128
2812,17131
8047,17135
1736,17136
5065,17136
7691,17136
8737,17140
13104,17141
8470,17142
10822,17143
9096,17156
25221,17160
42146,17161
10713,17178
13613,17188
1329,17192
2079,17206
13502,17207
6751,17207
2921,17212
3630,17212
9505,17212
11445,17213
11559,17214
16767,17222
3635,17227
4276,17236
9043,17237
18435,17237
11805,17237
35757,17238
18434,17238
10447,17241
40672,17255
6254,17256
17859,17257
4114,17258
35598,17274
30771,17274
18719,17275
7503,17276
2950,17285
1233,17289
2891,17294
4913,17297
1222,17301
9194,17302
24741,17303
21283,17311
5490,17311
12084,17313
3054,17314
7343,17322
10518,17330
12392,17334
1418,17338
17034,17339
2385,17354
5680,17356
3717,17357
11354,17365
9720,17368
35312,17369
18240,17379
6512,17381
42143,17383
8385,17394
1330,17395
3553,17396
10334,17400
8542,17403
7920,17410
1677,17410
28544,17410
10063,17414
4038,17415
9024,17420
17161,17421
3991,17421
22091,17425
4673,17426
6665,17427
29366,17427
2213,17431
17875,17432
6295,17432
3103,17433
21794,17433
8560,17437
2237,17442
13180,17445
19010,17446
18214,17447
3815,17457
4216,17457
11434,17460
18948,17464
25980,17468
13286,17468
8623,17479
3616,17481
2676,17489
1958,17498
18323,17498
6222,17503
35017,17510
11378,17513
10315,17518
8408,17524
5349,17526
10549,17528
18515,17532
12340,17534
6365,17534
9439,17536
4527,17541
2002,17545
18362,17546
10132,17549
9487,17551
4886,17552
24526,17555
19775,17556
8595,17559
11762,17569
19148,17581
19146,17581
17773,17582
22535,17584
16038,17599
29683,17600
42288,17602
8702,17613
4855,17616
16872,17617
3270,17619
35231,17623
11493,17633
23041,17633
10061,17637
7122,17640
7924,17640
6647,17642
5581,17650
1227,17651
6921,17654
16598,17656
18901,17659
21474,17659
18900,17661
13119,17664
2389,17667
3706,17669
26061,17680
20789,17685
5244,17697
8091,17697
5509,17698
11681,17700
13633,17704
18418,17708
18419,17708
4928,17720
3960,17720
19254,17723
7241,17724
9512,17728
6347,17728
2032,17736
35427,17739
19368,17747
35493,17752
17942,17752
35908,17752
18420,17756
20079,17756
10586,17758
3488,17762
4007,17762
20636,17771
3679,17773
12905,17775
3305,17776
18210,17781
8507,17787
12061,17789
12411,17789
12489,17792
1142,17794
12048,17798
6995,17798
9555,17799
6135,17799
10014,17810
35913,17816
4179,17821
27644,17830
7282,17845
1706,17851
34718,17859
35376,17861
7251,17868
7537,17868
8511,17888
4743,17888
2188,17890
2596,17891
7837,17893
10920,17895
4827,17898
13617,17898
3565,17910
3379,17916
1016,17918
12855,17918
4939,17920
6130,17921
7127,17925
17158,17929
10473,17930
6049,17930
26118,17931
10993,17931
25202,17933
29363,17942
3516,17944
17939,17947
4605,17947
18336,17949
10183,17950
1627,17952
7977,17958
1864,17961
28827,17978
2304,17981
19125,17987
3086,17989
4271,17990
4890,17990
20328,17991
8043,17992
9624,17994
35763,17994
9927,18000
5110,18000
3296,18001
3025,18003
16090,18004
10975,18008
28195,18018
15030,18020
1796,18020
8978,18031
16016,18033
9,18035
16533,18048
1048,18062
5569,18065
5997,18086
9045,18088
4616,18089
27004,18091
7334,18093
17247,18094
1527,18098
7200,18099
8838,18107
35270,18107
17903,18111
23163,18119
2153,18119
19838,18120
11443,18122
17319,18132
17043,18133
24219,18133
21040,18134
10782,18136
5398,18139
5878,18140
9292,18148
25690,18149
6964,18151
4762,18159
41099,18170
3378,18175
4036,18182
19128,18195
23680,18202
34774,18208
5479,18210
18417,18212
6940,18219
6849,18223
9293,18225
11677,18232
6867,18234
10799,18242
16557,18262
18422,18264
3714,18264
25005,18267
1797,18269
2567,18277
7975,18277
2819,18278
27930,18282
26244,18285
2322,18285
3427,18290
26963,18290
35404,18298
13034,18305
15072,18310
9214,18312
12523,18316
6629,18316
25409,18318
6036,18319
16998,18320
4035,18320
3765,18323
8163,18325
22657,18331
4772,18332
25672,18334
17335,18335
5004,18339
20453,18342
5363,18345
9789,18360
4596,18363
9679,18364
3786,18371
6453,18376
12699,18378
11237,18386
5827,18386
1553,18395
10096,18395
6155,18397
22221,18399
26773,18405
4495,18408
6838,18413
26465,18415
6018,18429
24621,18432
8405,18432
3951,18432
12336,18435
12492,18435
35729,18443
8781,18445
3678,18445
4796,18446
18680,18449
18679,18450
6663,18452
2410,18453
2944,18453
35802,18455
1620,18460
3392,18461
2681,18463
6675,18463
8226,18468
2105,18469
5808,18472
8584,18477
21802,18477
2458,18478
2862,18480
5525,18480
4501,18481
2226,18483
3513,18489
10514,18492
3401,18493
6554,18496
23067,18496
1752,18497
4956,18498
10864,18500
4039,18509
2424,18511
1871,18511
4628,18512
5250,18514
16061,18519
18826,18521
16773,18525
11119,18529
11394,18529
16664,18533
1598,18533
2579,18534
1205,18535
8681,18543
4731,18543
11530,18548
2721,18549
2952,18549
1284,18560
5641,18563
35118,18565
31169,18570
1862,18576
8738,18578
9171,18581
9504,18591
25123,18594
4474,18594
15061,18608
7144,18609
6793,18613
19356,18617
19354,18618
6117,18624
18721,18625
22464,18626
27288,18628
25317,18629
3447,18629
16540,18630
31195,18637
27270,18643
10817,18645
11383,18648
5233,18651
25601,18655
22537,18655
2251,18660
17096,18671
20226,18672
21689,18673
1085,18680
6874,18683
12242,18689
7085,18690
8419,18692
9955,18692
7314,18696
10539,18703
6015,18705
2149,18709
12808,18710
11782,18711
8607,18712
5591,18713
2211,18715
21285,18726
6727,18726
6810,18727
6936,18731
17041,18738
24424,18740
1395,18743
2958,18743
7422,18756
18347,18759
21761,18759
11081,18760
8869,18761
16556,18766
6775,18774
4810,18776
42158,18777
8440,18782
9159,18784
8033,18786
12501,18788
9869,18788
20799,18790
1348,18791
3148,18793
10738,18794
1557,18795
35777,18796
19215,18797
7475,18797
13075,18798
18447,18803
5962,18803
18448,18804
19011,18813
13430,18820
8222,18822
5767,18824
22271,18825
6577,18826
16770,18830
29130,18832
4770,18844
6757,18845
3234,18847
12761,18847
26345,18850
1009,18860
29204,18864
3175,18866
4143,18867
16039,18873
31056,18874
13281,18877
24649,18880
4579,18880
19714,18886
28539,18886
28277,18895
16635,18903
12710,18903
6380,18906
5696,18907
8452,18910
6463,18912
1415,18913
1255,18915
3899,18917
10519,18921
2060,18924
16786,18926
2741,18927
31190,18927
17651,18928
6942,18929
1045,18930
7907,18931
35186,18935
5750,18939
5152,18940
16887,18941
15245,18944
4902,18946
7273,18948
2129,18950
4825,18953
17180,18954
27412,18954
7187,18955
10088,18957
5571,18958
29003,18962
6462,18962
3691,18963
12263,18971
2123,18975
13620,18976
7226,18977
4879,18983
5658,18989
24298,18994
28336,18996
9325,18999
19410,19004
11100,19009
4991,19013
17136,19017
13216,19035
7447,19035
9438,19035
12043,19039
16033,19056
5645,19057
16416,19062
16601,19064
2380,19070
19857,19070
4801,19071
17913,19076
17914,19076
22763,19077
6156,19078
7755,19080
7044,19082
13579,19084
8926,19086
9441,19086
24890,19093
35630,19096
1773,19102
1928,19108
1177,19112
29370,19112
17956,19112
7937,19118
34949,19120
26798,19122
6136,19124
17107,19128
5647,19129
2939,19131
3943,19132
21113,19132
8976,19134
9414,19141
34976,19144
5783,19146
6035,19146
20062,19150
19241,19156
3104,19157
17747,19162
17745,19163
12653,19164
7179,19176
16742,19178
6573,19178
4150,19181
42196,19186
7757,19186
1129,19190
11756,19191
2438,19195
7690,19202
16482,19206
2917,19207
2165,19216
7220,19216
3744,19219
6022,19226
3975,19228
2238,19231
8948,19233
12973,19234
24762,19237
19147,19238
2074,19240
17203,19241
19291,19247
19292,19247
5813,19248
12383,19251
2278,19256
5138,19258
3445,19260
16715,19261
11506,19263
6604,19264
17649,19265
3593,19267
6256,19267
6480,19271
16650,19274
9717,19274
25201,19276
6223,19278
1952,19280
19138,19283
11512,19284
18718,19288
7979,19288
18077,19289
30711,19289
11184,19290
8779,19298
28168,19298
23999,19302
6168,19304
8177,19304
26081,19306
26045,19306
18698,19316
10336,19318
1501,19323
17833,19331
26761,19331
17204,19334
35653,19340
6077,19340
16933,19342
6291,19348
1727,19349
22286,19351
15208,19352
12641,19356
17834,19363
21394,19372
7201,19379
3687,19383
35341,19387
13159,19388
17897,19390
17898,19390
8003,19391
3024,19396
25975,19397
35402,19405
28308,19405
10998,19406
6429,19406
5141,19407
23561,19409
26849,19413
3096,19413
16654,19416
18823,19416
6349,19416
16100,19417
9961,19422
18862,19434
11013,19435
12357,19437
7337,19442
16435,19446
19479,19447
9321,19454
27832,19455
20874,19458
5243,19459
29262,19461
31057,19462
6283,19463
5343,19479
2856,19480
16983,19486
17030,19495
8819,19500
41121,19505
2788,19513
26690,19514
7597,19517
1469,19518
20985,19521
3067,19523
2379,19524
6623,19524
12507,19529
26387,19533
11777,19534
19255,19538
9792,19541
28206,19541
1379,19544
1628,19544
28709,19544
4500,19544
25049,19551
2426,19554
4237,19563
16022,19563
35432,19570
8197,19572
35429,19572
11836,19573
18306,19577
3864,19581
17943,19583
17945,19583
17946,19583
17944,19584
23243,19584
23297,19586
22681,19587
8445,19589
16091,19591
34990,19593
19611,19593
9744,19594
10254,19598
21276,19602
3776,19605
16705,19606
11707,19611
18666,19614
18667,19614
8828,19615
42205,19615
22438,19617
19083,19618
22354,19622
1849,19625
2472,19627
3194,19633
1191,19636
17331,19637
20154,19640
26738,19646
140,19651
27135,19651
130,19652
7347,19656
34989,19660
8313,19661
19643,19664
23103,19668
29017,19677
8971,19681
16800,19682
19959,19684
10136,19692
31060,19693
31148,19693
11238,19697
3271,19699
23333,19701
25313,19703
10617,19705
13107,19706
3410,19706
6520,19707
6685,19707
7244,19707
10643,19709
6978,19709
8663,19711
26687,19719
11634,19719
5824,19720
1473,19720
2293,19732
10476,19741
28923,19743
28904,19744
21986,19744
18406,19746
3778,19749
3801,19751
10410,19752
6606,19753
11517,19757
17268,19758
2845,19758
23632,19760
6670,19763
3376,19767
11292,19771
27327,19772
5946,19779
7867,19780
29645,19783
9567,19784
21161,19784
6000,19785
8141,19791
10399,19792
41244,19794
35269,19796
17109,19797
26621,19797
9185,19801
8501,19802
6078,19802
7207,19809
4625,19812
4351,19813
27550,19818
7654,19819
18127,19821
10226,19823
8199,19826
10069,19828
11844,19829
16780,19833
27746,19833
27821,19833
34886,19844
11484,19844
7275,19848
7478,19853
10419,19856
16667,19857
26646,19859
2436,19861
15044,19861
10849,19864
29522,19867
8234,19869
1609,19870
8453,19871
35767,19871
35761,19872
3523,19873
1531,19874
8208,19878
2792,19882
7590,19885
12015,19886
1033,19891
10604,19898
12972,19902
8936,19905
17223,19907
7695,19907
3053,19908
19243,19909
20406,19909
29127,19911
5756,19912
40857,19912
9644,19917
18133,19920
5433,19921
18557,19927
8283,19928
18770,19936
18177,19937
24380,19937
9362,19940
16470,19941
26233,19942
10142,19950
4738,19950
22611,19951
9315,19952
29446,19953
1206,19957
5353,19960
40768,19964
18063,19966
5208,19966
22687,19966
21879,19967
18835,19977
12723,19980
5227,19985
4285,19988
9021,19989
10668,19991
5993,19991
17816,19992
19170,19993
11565,19994
17717,19998
16559,20005
35063,20008
12943,20013
9016,20015
7742,20019
4162,20020
7949,20023
5416,20025
19199,20029
4060,20034
40759,20037
6571,20039
9196,20041
42220,20046
4949,20048
12623,20056
3012,20063
5329,20063
19882,20067
29568,20073
16959,20083
25926,20088
2039,20092
9371,20094
20028,20095
29641,20095
15011,20095
2993,20096
3918,20108
7523,20113
8331,20119
8284,20120
35626,20124
15165,20126
27257,20128
5709,20130
12821,20131
5421,20131
20827,20133
1285,20136
16457,20138
15155,20139
25726,20144
17918,20145
8925,20147
8620,20152
13012,20159
22518,20159
4400,20160
4564,20160
10589,20163
34678,20164
21428,20169
7363,20169
5880,20172
9829,20176
34969,20179
18345,20182
1783,20183
25296,20188
2544,20188
2408,20190
4475,20190
26695,20190
7321,20190
5385,20191
19722,20194
5969,20201
22510,20203
23976,20216
29186,20217
5240,20217
23787,20217
12227,20219
3432,20224
29649,20233
3988,20240
29034,20247
8699,20250
27110,20252
28292,20253
8414,20258
3728,20263
42114,20264
21043,20264
9240,20265
8289,20266
6332,20269
22481,20270
23199,20276
18284,20278
18282,20280
5046,20280
40875,20281
8205,20282
12060,20282
1947,20289
18648,20290
4306,20293
12685,20307
24155,20308
22409,20311
7361,20311
12959,20314
6955,20315
6872,20325
42138,20327
16052,20335
13701,20339
5092,20339
7936,20339
8478,20343
2639,20350
11172,20352
6491,20352
35281,20354
35393,20361
25637,20366
24856,20367
24868,20367
29436,20373
34906,20374
5401,20377
5627,20377
28801,20379
3925,20380
16088,20383
16031,20392
18647,20394
23783,20395
6052,20395
7735,20397
9879,20398
11870,20399
20287,20399
27528,20400
27533,20400
5668,20404
3005,20406
28345,20406
6352,20406
18554,20408
12013,20408
11214,20410
35714,20411
1361,20413
35380,20413
13120,20414
9613,20415
17272,20417
17345,20427
3754,20427
2265,20441
17734,20443
1910,20445
1976,20445
1823,20446
9013,20447
22160,20449
7940,20449
25267,20454
11387,20454
11546,20455
3076,20457
1224,20461
2679,20470
11971,20474
2027,20475
18389,20477
5366,20482
12549,20483
2184,20489
2859,20491
2889,20492
8116,20492
11699,20494
4261,20497
25933,20497
29545,20499
15139,20505
10125,20511
28295,20514
15038,20519
7136,20520
21870,20522
1035,20526
18391,20526
13450,20526
13004,20526
18921,20528
18919,20529
34848,20534
10808,20536
2404,20542
2737,20542
31174,20547
5192,20553
2787,20557
41123,20558
2746,20558
1746,20559
4157,20572
4243,20579
23505,20580
5189,20581
19365,20598
4153,20600
9977,20601
2208,20606
2260,20606
35323,20606
12450,20609
24722,20612
17684,20612
17685,20612
1748,20615
11055,20616
20577,20616
1774,20617
5483,20622
11028,20623
8719,20627
21035,20627
5414,20629
12951,20634
5007,20643
16646,20645
1113,20649
9131,20650
9226,20654
6725,20658
41103,20666
13197,20668
28355,20671
7237,20671
12703,20672
11724,20673
11632,20677
12629,20678
11819,20685
12377,20685
10768,20685
16044,20687
18645,20688
16526,20689
22016,20699
3191,20700
5923,20701
20741,20702
27545,20713
7809,20713
18767,20717
22511,20717
1116,20719
35083,20719
27499,20721
10020,20724
20195,20726
40886,20729
6270,20730
22144,20731
17996,20731
7571,20737
17899,20740
16517,20744
4524,20744
17915,20746
20641,20747
11231,20748
2656,20750
2394,20750
18158,20751
12792,20752
2420,20754
3237,20755
18877,20759
9313,20764
4710,20765
25400,20771
26586,20771
11291,20775
12425,20777
4362,20778
6720,20781
12810,20782
35305,20782
1058,20783
12661,20788
7278,20788
27992,20789
7492,20790
29486,20793
18297,20800
18299,20800
13385,20800
12113,20802
7951,20810
4617,20811
2651,20817
3473,20817
21372,20820
42186,20825
4428,20833
2190,20838
6437,20845
9400,20846
9806,20852
5775,20862
35798,20863
35264,20868
4335,20868
26518,20870
17735,20871
9408,20873
2053,20878
6202,20886
17127,20888
41161,20890
17111,20890
8367,20891
2720,20901
27742,20902
22553,20904
2839,20909
13016,20911
16943,20912
4931,20914
9389,20918
23375,20926
17916,20931
10546,20933
10240,20946
35401,20949
7830,20951
9924,20955
21566,20957
27740,20959
7159,20960
3721,20968
5113,20977
8887,20979
3173,20979
16902,20981
2439,20981
7323,20992
15133,20994
1184,20996
2433,21001
9900,21005
4570,21006
1518,21010
17058,21012
16434,21019
4951,21021
17819,21021
22141,21022
8457,21027
9469,21029
26139,21030
26958,21031
4230,21031
8707,21032
20251,21037
6406,21037
19103,21045
19102,21047
24077,21056
40867,21056
3675,21058
13323,21058
13325,21058
18876,21061
24122,21061
13712,21063
6264,21064
18430,21067
4989,21073
24407,21074
12570,21075
26133,21076
12407,21082
17644,21090
17642,21091
29372,21092
21373,21100
21131,21101
20924,21107
11399,21114
18619,21116
24578,21120
23630,21120
34942,21121
19753,21121
23573,21125
6710,21126
23618,21126
3652,21133
17017,21136
9749,21137
8064,21139
11134,21145
26676,21146
28484,21152
9046,21157
31227,21158
1354,21162
13437,21163
35372,21168
21105,21168
25801,21170
13283,21173
19950,21179
19951,21179
2803,21180
2063,21180
35602,21187
18945,21188
17628,21189
5717,21192
16558,21194
4457,21194
10530,21196
11835,21201
20325,21202
7034,21203
8444,21205
1624,21206
20240,21210
7318,21212
7885,21214
35180,21222
2417,21223
18875,21225
4182,21225
23229,21225
10891,21226
16993,21231
21108,21231
19385,21238
19386,21238
19387,21238
19388,21240
3111,21240
35165,21245
1037,21253
7438,21256
7355,21257
41202,21259
1238,21260
26151,21264
27934,21264
29225,21265
22799,21270
12766,21272
5883,21276
4210,21277
28474,21279
15311,21280
16066,21280
5211,21283
4161,21284
28500,21286
7708,21286
5303,21287
24304,21288
3772,21292
4932,21294
42193,21295
25144,21300
5463,21303
13462,21304
2446,21304
27601,21305
23864,21305
17707,21321
5615,21322
16921,21327
21120,21328
7646,21329
10327,21331
9739,21333
2307,21333
4766,21340
5238,21340
1270,21344
28526,21346
2428,21346
2780,21346
35858,21351
22077,21352
41091,21354
2315,21355
40998,21356
1484,21356
5450,21356
7460,21357
19715,21361
16783,21364
27585,21364
19934,21364
29138,21368
25844,21373
7005,21374
8611,21375
6485,21375
17315,21376
10863,21380
7989,21382
3130,21393
35881,21395
35852,21396
5860,21404
28782,21412
22305,21413
6503,21418
24175,21420
23363,21422
7432,21422
4990,21431
2881,21439
3197,21439
7686,21440
35558,21443
12854,21450
8603,21455
16026,21457
12088,21459
11616,21460
16810,21462
28885,21468
1404,21469
5876,21470
29303,21485
12893,21493
1277,21493
2533,21495
18745,21497
20662,21500
13242,21507
12335,21511
23772,21512
10255,21513
8441,21514
1421,21515
23091,21520
19707,21529
5142,21529
4092,21535
12356,21539
27089,21541
22118,21544
20692,21545
6678,21547
1161,21548
26956,21549
35029,21553
11019,21554
11555,21556
2674,21557
15305,21557
5777,21560
12462,21560
28812,21562
27359,21565
23039,21569
9893,21574
35246,21576
15059,21577
16506,21578
10147,21578
17742,21579
17744,21579
13060,21580
6151,21583
16939,21589
23801,21590
16771,21591
3360,21602
5976,21607
10358,21610
7556,21612
21684,21613
10846,21614
9432,21616
16528,21617
19238,21617
1163,21621
26498,21623
8804,21625
17279,21625
5510,21629
36044,21630
11469,21630
26010,21631
3092,21631
4057,21634
29326,21636
12051,21638
26043,21639
9579,21643
18480,21643
5063,21644
17920,21644
6528,21668
28319,21676
3633,21678
17219,21679
5143,21680
23892,21682
24674,21687
8525,21692
35618,21692
36049,21693
11197,21697
4453,21697
7328,21698
4112,21699
40937,21702
8320,21704
28236,21704
10496,21707
26407,21708
17236,21711
12779,21712
13250,21713
10521,21717
18479,21720
2392,21729
18947,21730
21403,21731
17768,21734
17766,21734
10791,21734
17143,21735
26487,21742
13059,21744
3020,21745
7270,21757
13344,21758
3838,21763
26987,21764
31147,21774
17226,21775
19160,21776
16912,21778
4793,21778
7283,21781
26978,21784
6826,21786
24171,21788
1470,21789
20094,21789
5848,21790
16979,21791
15158,21795
3893,21798
13256,21798
29617,21801
20987,21803
26382,21808
16112,21810
11293,21819
1459,21819
11943,21819
5542,21819
35904,21820
21882,21821
23479,21825
1745,21828
11351,21831
19674,21832
20230,21832
1154,21833
11012,21835
40837,21838
10413,21840
6028,21844
36054,21845
8134,21845
19880,21850
35329,21853
9496,21854
5643,21855
3088,21856
2630,21858
7970,21858
6259,21860
17054,21861
11638,21862
26630,21874
3048,21876
3230,21877
8888,21877
12892,21877
22443,21879
16866,21881
41097,21882
24759,21882
5932,21890
28825,21891
6777,21892
2713,21900
6574,21903
18879,21905
10671,21906
19692,21910
22137,21914
25336,21916
11018,21919
10654,21919
35570,21919
1775,21920
25331,21923
11163,21923
6398,21927
9763,21928
3783,21928
2193,21934
18634,21934
2620,21934
26158,21937
26998,21939
8325,21940
2369,21943
28390,21945
9959,21954
22345,21960
42150,21962
41012,21964
5945,21966
16720,21969
5422,21969
8324,21972
22032,21972
12452,21981
12448,21982
26484,21985
25053,21990
7054,21991
5589,21994
21824,21995
9783,21996
19200,21998
8606,21999
6818,22013
5719,22014
5986,22016
11809,22022
9066,22023
28768,22024
26807,22037
4867,22042
11673,22046
7967,22048
20173,22056
5056,22056
2456,22065
11759,22072
11332,22072
19639,22076
3773,22076
16413,22081
18423,22082
28835,22085
9511,22097
10560,22098
6602,22099
16935,22102
3471,22102
17858,22107
17856,22108
17857,22108
1241,22112
9065,22119
7639,22119
42291,22120
16956,22135
3146,22135
10461,22135
8238,22136
8918,22137
13181,22144
29151,22150
6994,22151
26199,22153
15015,22155
11792,22157
17165,22158
12580,22158
13153,22159
11223,22173
27766,22174
6645,22174
12278,22176
8399,22177
4191,22177
23843,22181
20440,22181
23782,22183
10928,22185
26425,22185
16029,22185
22881,22190
1396,22193
10118,22196
10845,22202
6526,22203
25142,22205
6413,22206
13108,22207
20150,22208
1863,22211
1335,22212
30083,22212
16630,22224
6427,22224
9092,22226
3861,22229
9337,22231
9265,22234
3849,22234
2330,22239
16507,22241
41232,22241
35629,22244
1039,22251
1686,22253
28171,22253
16766,22257
24775,22259
25210,22259
1147,22259
1506,22260
16623,22262
13418,22263
9458,22266
5769,22268
16834,22271
27468,22272
3125,22273
18690,22277
18692,22277
12834,22278
24225,22278
7632,22280
26834,22286
1909,22292
23689,22294
27352,22298
22393,22298
3055,22299
13585,22299
17139,22300
22891,22301
9253,22304
8253,22306
19015,22310
2085,22312
8648,22316
21070,22320
29528,22326
2308,22326
22406,22326
7956,22327
16885,22330
20964,22331
2601,22337
9986,22339
19013,22341
19691,22341
28995,22341
26279,22347
13318,22348
9737,22350
8158,22350
21910,22354
7012,22354
21932,22356
27019,22357
8361,22360
12894,22365
2192,22371
5144,22373
7704,22376
2667,22376
8694,22378
23043,22387
16426,22388
13411,22390
5654,22394
35455,22400
27103,22403
28477,22406
4920,22407
18262,22408
12865,22410
13342,22411
41151,22415
3464,22417
1485,22422
19256,22425
4110,22425
1198,22426
6770,22428
2180,22431
35793,22435
28579,22435
21864,22435
27513,22436
5102,22441
8186,22446
10648,22448
20260,22449
13253,22451
23714,22455
23105,22457
2157,22463
1360,22469
19197,22473
28445,22475
1145,22475
28325,22481
18603,22492
3555,22493
3627,22495
3168,22498
5305,22500
1505,22501
4221,22502
5235,22507
26548,22508
17088,22512
7214,22512
28953,22514
28973,22514
1787,22517
12338,22519
26065,22519
16673,22522
7944,22525
29742,22527
12574,22530
22825,22537
22106,22539
20180,22541
29749,22542
12566,22545
18405,22547
20291,22552
17994,22553
25318,22556
9146,22564
11065,22564
8759,22567
8902,22569
10381,22571
19868,22571
8492,22572
11750,22576
11857,22576
16084,22578
10747,22584
20979,22587
20983,22587
2054,22591
10319,22591
6456,22592
1582,22593
9136,22594
11112,22594
5126,22606
4747,22611
16523,22617
11004,22618
6815,22630
23854,22633
27873,22637
9881,22639
35687,22642
8987,22652
20995,22661
28131,22661
3327,22669
1926,22671
13123,22671
3789,22673
5639,22678
3928,22680
18933,22682
6189,22683
21491,22685
23723,22685
18219,22687
3852,22688
3979,22688
7637,22693
19140,22708
1076,22717
7257,22719
5724,22727
2826,22734
21179,22738
11767,22739
10345,22742
19824,22749
26115,22751
26235,22753
1855,22765
19925,22766
1186,22768
5915,22778
16694,22779
34948,22783
27520,22788
11858,22789
3910,22790
35154,22792
10972,22794
10689,22805
13243,22808
23607,22814
2638,22817
25886,22819
11653,22824
11690,22827
22057,22828
3163,22837
20409,22839
20410,22841
21388,22842
8211,22844
25530,22844
1977,22845
12615,22847
13360,22848
7479,22851
17917,22853
35518,22855
35725,22855
18781,22868
20452,22870
20492,22870
9750,22878
23273,22881
4014,22887
20919,22894
7276,22897
34836,22908
26964,22908
10875,22910
18132,22911
5015,22920
6916,22920
23549,22920
27855,22921
12722,22922
19381,22922
19383,22929
5503,22936
1049,22939
9335,22939
1228,22940
23856,22947
16639,22948
3667,22948
26348,22952
31145,22954
3169,22954
1134,22958
10550,22958
17740,22959
13221,22961
35360,22964
24395,22965
25499,22966
28233,22966
9318,22967
16442,22968
16676,22969
27450,22970
7072,22970
18291,22971
11054,22972
18289,22972
6681,22972
10639,22973
13018,22992
2624,22998
21573,22998
11274,23006
12358,23006
25448,23008
40897,23010
26237,23014
7533,23014
4787,23022
16717,23024
9671,23028
27719,23028
11544,23028
21345,23028
1924,23029
4637,23031
17196,23034
22018,23035
3676,23044
20309,23045
26021,23046
23477,23049
13348,23052
5806,23063
21880,23065
7821,23070
8048,23070
21389,23073
29035,23082
6618,23083
27678,23089
5728,23089
29046,23093
1133,23095
11524,23097
10515,23099
21326,23102
23687,23104
35216,23106
19237,23108
7607,23115
2694,23117
26404,23118
2884,23118
4402,23122
7565,23122
23881,23128
9803,23129
1636,23134
3931,23139
8701,23141
25197,23141
20678,23141
10854,23142
25759,23142
19746,23145
13275,23149
6013,23150
28857,23151
13284,23151
12006,23152
28855,23152
6023,23152
10642,23155
22765,23156
22843,23159
26388,23169
8162,23169
8516,23174
11979,23175
42185,23176
6667,23176
23045,23180
8592,23181
10267,23182
28123,23195
18384,23205
16653,23209
25391,23212
35291,23220
4923,23221
2457,23225
2942,23225
11280,23230
21107,23241
22472,23242
7869,23251
9483,23252
22982,23260
18376,23267
28210,23269
29539,23269
2606,23271
3834,23277
16854,23280
20815,23281
1761,23284
1857,23284
12815,23285
7673,23285
17818,23288
1201,23288
2531,23290
12816,23305
12817,23305
13431,23306
5694,23307
24217,23309
1894,23311
4781,23311
2814,23313
3066,23323
18699,23327
3826,23328
25947,23329
16570,23331
11239,23332
9536,23333
27714,23337
22813,23337
9904,23340
20623,23341
1381,23342
19627,23342
7143,23347
6887,23351
16702,23353
20286,23362
35226,23367
21117,23367
7365,23373
40749,23386
24760,23392
20057,23399
11207,23402
23878,23402
10734,23403
23279,23409
11375,23410
5705,23413
5464,23418
27779,23419
26001,23422
18768,23427
18769,23430
11169,23430
17078,23433
21756,23433
6763,23433
6813,23437
5622,23440
26501,23445
1317,23448
1169,23449
16684,23451
18375,23457
19889,23466
21233,23474
13195,23474
2214,23475
1384,23476
2455,23485
9445,23491
4148,23493
7759,23511
22919,23516
10805,23518
16042,23524
16041,23525
9931,23527
12509,23527
23821,23536
29594,23542
31222,23545
25395,23546
16903,23548
10231,23549
22423,23549
22424,23550
22161,23555
2589,23564
26112,23565
10469,23567
27953,23568
10489,23572
26919,23577
34921,23580
8365,23586
21435,23587
9915,23589
1589,23592
22826,23593
4504,23602
24211,23607
27757,23612
19767,23612
16550,23615
24783,23630
27917,23633
27907,23634
28188,23637
24822,23642
2519,23642
24777,23643
23131,23643
24926,23657
3585,23660
4965,23663
35111,23664
3083,23671
2738,23674
24946,23677
24817,23680
18190,23684
10756,23687
12637,23688
11608,23693
22227,23696
3584,23697
2234,23698
17863,23702
17866,23702
17872,23702
17873,23702
4247,23702
4358,23704
17864,23705
17865,23705
23190,23707
29328,23712
8232,23713
12979,23713
2562,23716
2298,23717
24099,23722
25533,23728
3078,23729
13100,23736
9418,23743
4012,23746
3434,23750
17151,23751
8880,23756
6798,23756
4804,23762
6703,23764
10260,23775
6706,23775
23880,23786
3915,23787
4966,23790
12947,23801
8761,23808
22199,23808
3459,23809
10057,23812
1572,23813
4010,23818
19860,23825
5347,23825
13496,23826
6614,23834
12813,23837
28873,23838
4843,23842
21863,23845
12659,23849
19797,23852
11097,23868
7285,23869
1638,23872
8073,23872
12726,23873
6616,23879
7494,23881
10733,23884
41143,23887
4482,23890
40925,23893
6561,23895
6814,23897
12027,23902
13265,23904
23859,23906
11313,23910
1401,23914
15176,23918
7679,23919
1607,23920
5735,23923
21877,23925
1585,23954
16075,23954
4779,23955
3460,23964
2834,23968
1579,23974
1420,23975
27140,23975
11157,23976
6898,23980
17810,23984
3544,23984
17808,23985
5620,23993
20695,23995
9852,23996
27370,23996
8294,24002
13475,24005
27002,24005
17044,24007
22433,24007
16077,24010
4048,24015
21914,24016
12616,24020
35024,24034
18878,24035
16028,24039
2015,24044
7914,24047
30081,24047
9278,24050
12689,24058
1559,24059
10335,24062
3661,24062
6823,24062
10884,24065
2013,24079
7642,24080
13134,24081
5258,24082
2576,24083
21485,24086
17774,24089
3814,24092
23742,24100
25058,24101
4763,24103
6321,24105
17280,24107
21775,24116
22739,24131
3668,24143
12317,24146
17919,24162
2619,24162
26749,24163
5704,24165
8830,24175
11229,24177
35710,24178
13327,24178
1118,24179
17125,24181
18882,24182
12394,24184
2215,24185
18880,24188
35327,24189
12796,24191
5313,24192
9156,24194
2629,24196
2064,24198
17313,24204
25337,24206
16059,24211
8287,24215
8189,24215
10431,24218
20308,24220
12799,24221
9627,24224
20795,24224
2530,24228
10670,24228
42290,24228
12283,24234
18602,24235
18605,24236
18621,24237
35129,24240
29091,24243
35918,24248
17794,24250
17796,24251
9982,24263
1407,24272
19014,24273
2296,24275
28931,24278
4775,24281
26867,24283
23685,24289
18424,24297
10571,24300
10801,24309
25575,24312
4901,24312
11764,24326
22503,24330
7929,24333
29704,24335
25981,24336
26823,24337
35548,24345
25345,24347
23414,24349
12737,24358
29152,24358
28364,24361
10517,24362
2961,24362
7743,24366
1913,24367
1183,24368
5555,24370
3159,24373
23289,24374
22968,24376
4134,24379
16571,24382
21440,24385
7728,24389
7684,24390
12936,24392
4663,24402
26039,24404
24821,24406
18934,24413
4443,24419
23858,24424
17741,24429
17743,24429
2654,24432
22513,24434
3966,24442
10921,24443
19787,24443
5902,24445
6095,24445
2925,24446
25153,24451
16429,24454
23508,24455
6161,24465
17817,24466
5431,24475
1248,24482
25340,24486
24953,24488
24797,24490
20976,24492
4896,24498
2083,24504
2331,24504
20345,24509
21162,24511
26804,24512
29106,24522
29618,24532
9726,24536
20969,24537
8159,24537
6581,24545
6558,24547
26195,24548
5780,24550
3956,24556
1128,24557
25520,24557
16525,24561
11031,24561
9776,24562
40981,24563
19849,24563
40982,24564
23253,24564
17138,24565
9676,24569
34974,24577
23205,24583
10575,24589
11577,24598
18265,24601
29047,24604
3866,24605
12067,24608
21595,24609
22237,24612
1160,24613
21278,24614
23361,24616
16757,24618
19016,24631
27424,24632
8341,24634
10676,24634
21994,24637
8636,24640
29304,24640
5603,24641
2219,24645
8489,24657
7641,24658
16064,24658
18438,24660
18429,24661
29746,24661
18431,24662
17973,24663
25335,24664
22892,24665
3651,24669
28279,24669
9831,24670
28978,24670
25732,24674
42165,24674
9356,24676
12034,24688
28547,24692
28550,24692
27958,24701
17802,24705
12289,24710
23777,24712
20263,24716
12926,24716
5341,24719
25081,24720
4691,24739
26444,24757
16403,24761
18959,24762
8062,24762
21701,24766
25044,24767
20516,24767
6998,24769
2034,24775
35156,24775
9481,24775
9530,24780
18938,24787
18936,24789
28187,24792
16952,24794
1289,24801
1100,24801
4862,24805
2445,24805
7077,24809
24467,24810
21329,24812
5562,24816
1137,24817
11684,24821
13491,24825
29068,24829
2108,24833
7712,24851
12591,24853
8564,24856
4985,24858
41050,24860
10382,24861
24772,24875
9605,24875
6864,24875
25250,24882
3609,24883
4080,24886
5570,24886
29636,24890
4248,24897
16593,24898
5904,24899
23080,24901
18193,24905
21341,24907
21342,24908
23420,24916
27130,24932
6186,24932
7528,24932
22333,24935
19478,24941
4972,24941
2652,24944
27390,24945
27880,24956
13114,24958
28476,24960
8474,24963
17115,24966
5304,24966
9811,24973
22816,24975
6569,24981
8266,24983
8221,24983
40994,24983
6808,24989
26126,24990
11040,24996
8687,25005
11346,25006
35042,25007
2892,25018
11342,25020
3806,25023
20727,25028
19763,25032
1792,25037
24789,25038
10556,25044
10027,25047
16620,25055
26859,25062
13174,25074
27249,25079
9594,25080
27147,25085
21349,25088
29188,25089
21350,25089
20179,25093
17876,25111
17878,25111
11386,25116
4429,25120
12207,25129
17271,25130
26517,25130
10161,25131
2621,25135
29319,25141
9984,25145
7962,25145
24838,25147
7000,25154
10265,25156
15262,25156
8362,25157
29249,25163
24619,25168
29619,25169
27267,25171
28776,25176
27049,25177
6418,25181
1192,25182
22157,25184
25414,25185
25435,25186
23847,25192
23215,25196
2966,25198
9221,25206
20978,25216
1103,25218
7325,25218
27040,25219
23659,25224
1036,25227
6030,25229
22159,25231
16010,25234
8357,25243
18881,25243
21851,25245
12222,25248
4370,25253
21311,25255
8553,25267
40984,25269
11221,25273
16513,25275
17008,25276
17006,25277
2668,25291
27219,25292
27217,25293
11633,25294
2514,25296
35086,25301
100,25303
10995,25304
16814,25317
1693,25321
27897,25322
5321,25322
27488,25330
27538,25345
4759,25350
9327,25354
4744,25358
28183,25363
5140,25366
11588,25370
1490,25373
27031,25379
27232,25388
13490,25390
2230,25394
12592,25395
3602,25396
4291,25397
1149,25413
18432,25417
1219,25418
28911,25418
2623,25420
4614,25422
9663,25431
18015,25431
35061,25434
9033,25435
2187,25435
10193,25436
5836,25441
25327,25446
31224,25449
29595,25451
10664,25452
29427,25456
9128,25467
10608,25482
16925,25485
6152,25486
26189,25495
26281,25495
10391,25497
11098,25502
6363,25511
3369,25518
3272,25531
12175,25531
11005,25532
20484,25535
19731,25536
6043,25547
24764,25549
8927,25553
13292,25565
25482,25574
4399,25580
12472,25586
17053,25625
4922,25628
6154,25636
5528,25638
17776,25643
12473,25648
17775,25649
18962,25650
18961,25651
18013,25652
25548,25656
28566,25660
2225,25667
17723,25670
8121,25670
17722,25672
21884,25673
10520,25700
40646,25710
35097,25713
11797,25714
29126,25717
27954,25719
22307,25721
12768,25725
21377,25726
12798,25728
35882,25735
8748,25737
21700,25741
19733,25744
23837,25754
18778,25779
18776,25780
28916,25789
19742,25799
8323,25812
27021,25836
27059,25836
4217,25837
26961,25838
16626,25854
2400,25854
6557,25854
17705,25861
17704,25861
17706,25862
16690,25864
28588,25882
7652,25893
22745,25897
10311,25898
9797,25899
28892,25901
10349,25901
20038,25903
20039,25903
10124,25910
27681,25910
5077,25911
9198,25914
19345,25915
35104,25930
18381,25932
19172,25934
24918,25935
29418,25938
5858,25938
25831,25941
1125,25942
21707,25943
5861,25943
24002,25952
27549,25957
1014,25961
21876,25973
29680,25974
9237,25982
3888,25988
24081,25993
24008,25994
4267,26004
9130,26005
6209,26005
28679,26006
22042,26008
28005,26014
22710,26027
21702,26033
8996,26043
18176,26047
18175,26047
18174,26048
21481,26048
12868,26052
1108,26056
5920,26060
23548,26068
17113,26069
8901,26071
4377,26076
16568,26077
18484,26088
8938,26093
3393,26102
3738,26102
11200,26103
22389,26106
25787,26116
40727,26124
5803,26127
18036,26154
18028,26155
35255,26160
9883,26163
12754,26167
30082,26169
27592,26173
23751,26173
27024,26175
18373,26182
26542,26194
8820,26197
20519,26199
17177,26201
10424,26201
21953,26201
11429,26213
27546,26216
4242,26231
4326,26234
4104,26238
4491,26238
10507,26238
20120,26242
41279,26244
21044,26247
16924,26249
6214,26250
23221,26250
16707,26263
9542,26270
41044,26279
19382,26279
40946,26281
40945,26283
28272,26284
27262,26286
19377,26289
19380,26289
19378,26291
25822,26300
6626,26313
41118,26318
17077,26322
23597,26341
12628,26351
19728,26352
8678,26353
18746,26358
16958,26359
11117,26359
16972,26363
4476,26365
4830,26365
23975,26366
4632,26375
22104,26375
23077,26375
3483,26377
5427,26378
28134,26379
26737,26380
30993,26385
23145,26387
8998,26391
28928,26399
23784,26404
10871,26416
16017,26422
21605,26425
20902,26427
8561,26429
3461,26433
16969,26434
28073,26435
8382,26437
8762,26437
22241,26449
22682,26452
20573,26457
7392,26460
8075,26462
7277,26467
35306,26475
7689,26475
4483,26495
25544,26496
28632,26499
2462,26505
19727,26506
13220,26508
10926,26529
3825,26536
28960,26542
24174,26549
27070,26552
7084,26552
18037,26559
5314,26570
9367,26592
23144,26594
13319,26595
21397,26598
35149,26604
19792,26606
35009,26609
35002,26609
6899,26611
1712,26622
1032,26623
6481,26630
3273,26631
12622,26641
15144,26644
17146,26651
24149,26651
11248,26652
42209,26657
22208,26662
22211,26663
3299,26663
35279,26664
12791,26665
7600,26672
8741,26674
25756,26674
9282,26678
5910,26678
22840,26681
1256,26685
27437,26691
29442,26691
7805,26695
11589,26698
18026,26704
18029,26704
12434,26711
6395,26713
11068,26719
8387,26728
3452,26728
25503,26745
16577,26748
29621,26755
15080,26758
23800,26762
35490,26765
11369,26770
18762,26787
18761,26788
29177,26788
18759,26789
18760,26789
8629,26798
24267,26804
1854,26826
11325,26831
1462,26836
12024,26861
27228,26870
2725,26871
25894,26875
12958,26882
23593,26890
23387,26891
35718,26910
7327,26910
8974,26911
28872,26914
6438,26924
4737,26933
22724,26946
41032,26953
24044,26972
22390,26976
8388,26977
1892,26981
5324,26982
1708,26995
6231,27014
17970,27019
17968,27020
35856,27024
5725,27028
27805,27029
8872,27030
17023,27035
22964,27035
27804,27036
17080,27048
11666,27054
25488,27055
22033,27055
23346,27055
23901,27061
28841,27064
28856,27064
25226,27067
24295,27074
21603,27078
20774,27081
3658,27085
23828,27087
23909,27087
24125,27088
23838,27097
1364,27102
6873,27108
23439,27117
27955,27119
2911,27122
10329,27123
6888,27127
16455,27140
8216,27140
24835,27144
18004,27156
4458,27160
6211,27160
7354,27163
18581,27169
18578,27171
7097,27174
7960,27174
12861,27178
25350,27182
9992,27184
25398,27186
5001,27187
2765,27188
35469,27232
35470,27232
26138,27234
20117,27244
20836,27256
2535,27259
9053,27264
23029,27268
13557,27278
9619,27289
10293,27294
29388,27295
1780,27297
11813,27297
20444,27297
3354,27299
41220,27301
10867,27311
11129,27313
24723,27329
12657,27330
35152,27331
3288,27343
5481,27346
18765,27356
5872,27356
18764,27356
23185,27368
26142,27377
15047,27379
27022,27381
42127,27382
28998,27384
42216,27388
20285,27391
11023,27414
12382,27422
1313,27424
24974,27441
23095,27441
10912,27456
35531,27465
6045,27467
6280,27490
22296,27496
21171,27498
25233,27520
1948,27520
27220,27520
27046,27521
13040,27521
12962,27521
25976,27536
13212,27541
1574,27553
22100,27554
42111,27555
7240,27555
8870,27558
11138,27560
27304,27566
6912,27568
5630,27574
23773,27577
20589,27590
19926,27610
6163,27625
26556,27626
27340,27627
11867,27639
4487,27647
26728,27648
2309,27649
27710,27654
17341,27666
42175,27670
6026,27682
12831,27686
26450,27694
35084,27698
1051,27702
16861,27721
16934,27724
12074,27733
7611,27738
25422,27743
10162,27743
29503,27755
18374,27769
1590,27773
9112,27774
27856,27776
9083,27790
12805,27801
5241,27811
11324,27816
6080,27821
23824,27830
3650,27857
6126,27862
26902,27870
13547,27879
16500,27880
5826,27898
25864,27904
25098,27908
2804,27911
21589,27916
21588,27918
19706,27930
25223,27966
12759,27986
20161,27987
7062,27994
23671,27995
23693,27996
6769,28008
41133,28011
19939,28014
4776,28014
24541,28019
24660,28020
28932,28020
20533,28026
26381,28039
29413,28039
3297,28044
20893,28044
29396,28047
18717,28051
18716,28052
12184,28065
18624,28079
18625,28079
18622,28080
20637,28081
6508,28083
21893,28089
21563,28092
41017,28096
12334,28106
26962,28107
1168,28114
9355,28127
4360,28148
42132,28149
26989,28163
11663,28172
3015,28174
25995,28184
18207,28204
18208,28206
3184,28209
20217,28222
6534,28232
26474,28233
28878,28237
19717,28240
7195,28241
12132,28246
8984,28257
24113,28292
29192,28297
19626,28317
27151,28333
24104,28348
12598,28371
41016,28372
21346,28378
21347,28378
25747,28382
5626,28390
20651,28394
24452,28394
12320,28397
9701,28398
9837,28419
20633,28421
2885,28434
28246,28445
23410,28449
2801,28452
21409,28466
20742,28505
1538,28507
26951,28512
28651,28515
25540,28515
12733,28533
25255,28535
12696,28535
20953,28535
25277,28537
27231,28540
18065,28552
3608,28558
22092,28565
8570,28567
21317,28580
2333,28587
12389,28589
41140,28592
22238,28618
2560,28630
2779,28631
5746,28640
2854,28648
23884,28667
7731,28683
5271,28687
1757,28688
27618,28688
20974,28688
27134,28690
27276,28694
17772,28709
17770,28710
21760,28717
22593,28718
25746,28729
3733,28731
26293,28739
12485,28754
19766,28764
1475,28772
26238,28776
23918,28778
5013,28783
16804,28791
23406,28795
5557,28828
24642,28829
24683,28829
10826,28835
6392,28841
9235,28865
3063,28869
22002,28878
10953,28901
21998,28903
20029,28905
24719,28923
22600,28923
8295,28927
15173,28937
16852,28938
13024,28944
11548,28971
29722,29012
16848,29019
24100,29048
6167,29054
20356,29055
2264,29063
12429,29125
26174,29127
7352,29127
4049,29218
18644,29220
28511,29269
19754,29270
15132,29274
20124,29302
22735,29319
21138,29328
22742,29336
18003,29350
5254,29350
23519,29351
10981,29357
15188,29379
22347,29411
7650,29423
9810,29456
24384,29463
11069,29473
5786,29511
5411,29538
10400,29541
19698,29541
7578,29545
22886,29557
2842,29613
19996,29616
6331,29649
26423,29659
7781,29662
1091,29667
11725,29670
41164,29673
3117,29681
25498,29683
3052,29702
1416,29734
21845,29789
24786,29798
24801,29798
8281,29823
2061,29832
28256,29836
26374,29839
21601,29882
25549,29953
2271,29977
9993,29986
12711,30001
6448,30002
10337,30009
29727,30034
29731,30034
22590,30079
3244,30099
11408,30100
22318,30111
41237,30122
20508,30137
12063,30157
13168,30164
22254,30205
22248,30210
26985,30243
20083,30245
10746,30259
5730,30270
35249,30294
25545,30314
4020,30335
16114,30366
10392,30372
4284,30414
5045,30416
10285,30460
1369,30492
17197,30523
28880,30587
26197,30592
17141,30594
20691,30600
28881,30609
17720,30693
13272,30754
24363,30770
15183,30797
21132,30842
9309,30847
23246,30870
23985,30980
26915,30982
22923,31064
29601,31096
23826,31097
35841,31129
15337,31131
4960,31185
5106,31192
16701,31250
13423,31253
27125,31269
2199,31305
22468,31384
25904,31528
11692,31564
8731,31597
21962,31618
27543,31668
2931,31706
9347,31734
23551,31797
15203,31800
4848,31824
26940,31918
27406,32037
20574,32205
4584,32247
7665,32330
4845,32359
5267,32427
29453,32468
9422,32480
26612,33448
10474,33655
